[
  {
    "name": "サープラ新宮あそびタウン",
    "operation_time": "",
    "holiday": "",
    "latitude": "33.706165",
    "longitude": "130.440645",
    "tel": "092-410-4528",
    "address": "糟屋郡新宮町美咲3-1-40",
    "access": "",
    "games": [
      "スマッシュスタジアム"
    ]
  },
  {
    "name": "ふぁんたじーらんどてくもぴあ阿知須店",
    "operation_time": "",
    "holiday": "",
    "latitude": "34.00906338",
    "longitude": "131.3515301",
    "tel": "0836-43-9939",
    "address": "山口市阿知須4825-1サンパークあじす2F",
    "access": "",
    "games": [
      "スマッシュスタジアム"
    ]
  },
  {
    "name": "サープラ鹿児島あそびタウン",
    "operation_time": "9:00～24:00",
    "holiday": "無し",
    "latitude": "31.57003616",
    "longitude": "130.565823",
    "tel": "099-213-0223",
    "address": "鹿児島市与次郎1-11-1 2F",
    "access": "フレスポジャングルパーク鹿児島店2F",
    "games": [
      "スマッシュスタジアム"
    ]
  },
  {
    "name": "サープラ国分あそびタウン",
    "operation_time": "9:00～24:00",
    "holiday": "無し",
    "latitude": "31.72203434",
    "longitude": "130.756017",
    "tel": "0995-48-6789",
    "address": "霧島市国分広瀬2-4-1",
    "access": "",
    "games": [
      "スマッシュスタジアム"
    ]
  },
  {
    "name": "アミパラ倉敷店",
    "operation_time": "10:00～24:00",
    "holiday": "無し",
    "latitude": "34.58364137",
    "longitude": "133.7712207",
    "tel": "086-430-2111",
    "address": "倉敷市西中新田624-1アミパラボウル1F",
    "access": "倉敷市役所前、アミパラボウル1F",
    "games": [
      "スマッシュスタジアム"
    ]
  },
  {
    "name": "アドアーズ札幌北42条店",
    "operation_time": "10:00～23:00",
    "holiday": "無し",
    "latitude": "43.11197882",
    "longitude": "141.3551118",
    "tel": "011-748-7530",
    "address": "札幌市東区北42条東7-1-1嶋ビル2F",
    "access": "丘珠空港通 ドン・キホーテ2F",
    "games": [
      "スマッシュスタジアム"
    ]
  },
  {
    "name": "ラウンドワン札幌すすきの店",
    "operation_time": "",
    "holiday": "",
    "latitude": "43.05431311",
    "longitude": "141.3540587",
    "tel": "011-520-1022",
    "address": "札幌市中央区南五条西3-6-1札幌東宝公楽ビル",
    "access": "",
    "games": [
      "スマッシュスタジアム"
    ]
  },
  {
    "name": "アミパラ高松店",
    "operation_time": "",
    "holiday": "",
    "latitude": "34.30701859",
    "longitude": "134.0591822",
    "tel": "087-899-8868",
    "address": "高松市伏石町2168-2",
    "access": "",
    "games": [
      "スマッシュスタジアム"
    ]
  },
  {
    "name": "ゲームアイビス太子店",
    "operation_time": "10:00～24:00",
    "holiday": "無し",
    "latitude": "34.83203126",
    "longitude": "134.6001053",
    "tel": "0792-77-2320",
    "address": "揖保郡太子町太田2148-1",
    "access": "姫路バイパス太子ランプより相生方面へ車で5分",
    "games": [
      "スマッシュスタジアム"
    ]
  },
  {
    "name": "バイパスレジャーランド加賀店",
    "operation_time": "一部24時間営業",
    "holiday": "無し",
    "latitude": "36.32515503",
    "longitude": "136.4113746",
    "tel": "0761-74-8007",
    "address": "加賀市箱宮町ヲ1-1",
    "access": "国道8号線加賀産業道路終点近く",
    "games": [
      "スマッシュスタジアム"
    ]
  },
  {
    "name": "バイパスレジャーランド藤江新館",
    "operation_time": "",
    "holiday": "",
    "latitude": "36.58375651",
    "longitude": "136.6206642",
    "tel": "076-268-7518",
    "address": "金沢市藤江南2-105",
    "access": "",
    "games": [
      "スマッシュスタジアム"
    ]
  },
  {
    "name": "ジョイランド敦賀店",
    "operation_time": "10:00～24:00",
    "holiday": "無し",
    "latitude": "35.64473762",
    "longitude": "136.0430148",
    "tel": "0770-37-1616",
    "address": "敦賀市木崎40-土三田12USAアリーナ内",
    "access": "",
    "games": [
      "スマッシュスタジアム"
    ]
  },
  {
    "name": "namco梅田店",
    "operation_time": "",
    "holiday": "",
    "latitude": "34.70278573",
    "longitude": "135.5003716",
    "tel": "06-6313-0778",
    "address": "大阪市北区小松原町3-3OSビル2F",
    "access": "",
    "games": [
      "スマッシュスタジアム"
    ]
  },
  {
    "name": "ゲームパニック堺",
    "operation_time": "10:00～23:45",
    "holiday": "無し",
    "latitude": "34.597817",
    "longitude": "135.447433",
    "tel": "072-224-8295",
    "address": "堺市堺区築港八幡町1-1堺浜シーサイド内堺浜えんため館",
    "access": "南海バス20系統「堺市内北回り」 堺駅西口→堺浜シーサイドステージ約17分 堺東駅→堺浜シーサイドステージ約25分",
    "games": [
      "スマッシュスタジアム"
    ]
  },
  {
    "name": "YAZ寝屋川店",
    "operation_time": "",
    "holiday": "",
    "latitude": "34.78044073",
    "longitude": "135.6193889",
    "tel": "072-830-7755",
    "address": "寝屋川市石津中町25-26",
    "access": "",
    "games": [
      "スマッシュスタジアム"
    ]
  },
  {
    "name": "アピナ富山新庄店",
    "operation_time": "10:00～24:00",
    "holiday": "無し",
    "latitude": "36.69533117",
    "longitude": "137.2480753",
    "tel": "076-491-7700",
    "address": "富山市荒川3-2-12",
    "access": "",
    "games": [
      "スマッシュスタジアム"
    ]
  },
  {
    "name": "namcoビバシティ彦根店",
    "operation_time": "",
    "holiday": "",
    "latitude": "35.243621",
    "longitude": "136.250454",
    "tel": "0749-27-6211",
    "address": "彦根市竹ヶ鼻町43-1ビバシティ彦根2F",
    "access": "",
    "games": [
      "スマッシュスタジアム"
    ]
  },
  {
    "name": "アミューズメントCUE大和高田",
    "operation_time": "10:00～24:00",
    "holiday": "無し",
    "latitude": "34.49978101",
    "longitude": "135.7354379",
    "tel": "0745-25-3335",
    "address": "大和高田市東中2-11-16",
    "access": "国道166号線東宝交差点そば",
    "games": [
      "スマッシュスタジアム"
    ]
  },
  {
    "name": "GiGO名張",
    "operation_time": "",
    "holiday": "",
    "latitude": "34.62355779",
    "longitude": "136.1036705",
    "tel": "0595-62-1008",
    "address": "名張市希央台3-15",
    "access": "",
    "games": [
      "スマッシュスタジアム"
    ]
  },
  {
    "name": "ファンタジープラザ名張店",
    "operation_time": "10:00～22:00",
    "holiday": "",
    "latitude": "34.62917982",
    "longitude": "136.1250615",
    "tel": "0595-68-8003",
    "address": "名張市下比奈知3100-1MEGAドン･キホーテ名張店2F",
    "access": "",
    "games": [
      "スマッシュスタジアム"
    ]
  },
  {
    "name": "GiGOマーゴ関",
    "operation_time": "",
    "holiday": "",
    "latitude": "35.479716",
    "longitude": "136.900472",
    "tel": "0575-23-6617",
    "address": "関市倉知516マーゴシネマ館2F",
    "access": "",
    "games": [
      "スマッシュスタジアム"
    ]
  },
  {
    "name": "アピナ四日市店",
    "operation_time": "",
    "holiday": "",
    "latitude": "34.94000426",
    "longitude": "136.6070666",
    "tel": "059-349-5011",
    "address": "四日市市泊小柳町4-34",
    "access": "",
    "games": [
      "スマッシュスタジアム"
    ]
  },
  {
    "name": "ファンタジープラザ名古屋店",
    "operation_time": "10:00～翌5:00",
    "holiday": "無し",
    "latitude": "35.22569311",
    "longitude": "136.908786",
    "tel": "052-938-3461",
    "address": "名古屋市北区玄馬町234-1クロスタウン2F",
    "access": "比良駅徒歩6分/大我麻交差点付近",
    "games": [
      "スマッシュスタジアム"
    ]
  },
  {
    "name": "namcoエアポートウォーク名古屋",
    "operation_time": "",
    "holiday": "",
    "latitude": "35.24598873",
    "longitude": "136.9246393",
    "tel": "0568-39-0765",
    "address": "西春日井郡豊山町大字豊場林先1-8エアポートウォーク名古屋3F",
    "access": "",
    "games": [
      "スマッシュスタジアム"
    ]
  },
  {
    "name": "キングジョイ",
    "operation_time": "9:00～24:00",
    "holiday": "無し",
    "latitude": "35.16797694",
    "longitude": "136.9050444",
    "tel": "052-241-9515",
    "address": "名古屋市中区栄3-3-32",
    "access": "地下鉄栄駅徒歩3分",
    "games": [
      "スマッシュスタジアム"
    ]
  },
  {
    "name": "ファンタジープラザ松阪三雲店",
    "operation_time": "",
    "holiday": "",
    "latitude": "34.6047",
    "longitude": "136.52065",
    "tel": "0598-56-9570",
    "address": "松阪市市場庄町1266-1アピタ松阪三雲店2F",
    "access": "",
    "games": [
      "スマッシュスタジアム"
    ]
  },
  {
    "name": "ゲームパニック大高",
    "operation_time": "9:00～23:45",
    "holiday": "無し",
    "latitude": "35.04850561",
    "longitude": "136.9496236",
    "tel": "052-625-5360",
    "address": "名古屋市緑区忠治山201グランドボウルB2F",
    "access": "国道23号線大高町共和IC側道グランドボウルB2階",
    "games": [
      "スマッシュスタジアム"
    ]
  },
  {
    "name": "アピナ長野村山店",
    "operation_time": "10:00～24:00",
    "holiday": "無し",
    "latitude": "36.6682177",
    "longitude": "138.2633103",
    "tel": "0262-95-9911",
    "address": "長野市村山502-1アミューズメントプレイスアピナ",
    "access": "R18号アップルライン入口",
    "games": [
      "スマッシュスタジアム"
    ]
  },
  {
    "name": "M'Sパーク豊田店",
    "operation_time": "一部24時間営業",
    "holiday": "",
    "latitude": "35.0565113",
    "longitude": "137.1404324",
    "tel": "0565-71-0027",
    "address": "豊田市寿町3-10-11",
    "access": "愛知環状鉄道三河豊田駅10分。名鉄三河線土橋駅より徒歩10分。",
    "games": [
      "スマッシュスタジアム"
    ]
  },
  {
    "name": "安城メトロポリス",
    "operation_time": "平日10:00～24:00、土日祝日9:00～24:00",
    "holiday": "無し",
    "latitude": "34.95485697",
    "longitude": "137.0975854",
    "tel": "0566-74-8238",
    "address": "安城市浜富町6-8",
    "access": "JR東海道本線安城駅より車で3分・徒歩10分",
    "games": [
      "スマッシュスタジアム"
    ]
  },
  {
    "name": "GiGO北岡崎",
    "operation_time": "9:00～24:00",
    "holiday": "無し",
    "latitude": "34.97365547",
    "longitude": "137.1600268",
    "tel": "070-1393-5583",
    "address": "岡崎市錦町2-4",
    "access": "国道248号線沿い、愛知環状線北岡崎駅から徒歩3分",
    "games": [
      "スマッシュスタジアム"
    ]
  },
  {
    "name": "ポート24幸田",
    "operation_time": "10:00～24:00",
    "holiday": "無休",
    "latitude": "34.89016302",
    "longitude": "137.1632649",
    "tel": "0564-63-6588",
    "address": "額田郡幸田町大字高力字沖原15カメリアガーデン幸田内",
    "access": "東名高速音羽蒲郡ICから車で30分",
    "games": [
      "スマッシュスタジアム"
    ]
  },
  {
    "name": "豊川メトロポリス",
    "operation_time": "平日10:00～24:00 土日9:00～24:00",
    "holiday": "無し",
    "latitude": "34.80229218",
    "longitude": "137.3847976",
    "tel": "0533-85-6540",
    "address": "豊川市下長山町上アライ14-1",
    "access": "東名高速豊川インター南・国道151号線・城下交差点東へ500m",
    "games": [
      "スマッシュスタジアム"
    ]
  },
  {
    "name": "アピナ富谷店",
    "operation_time": "",
    "holiday": "",
    "latitude": "38.36528256",
    "longitude": "140.8765988",
    "tel": "022-341-5177",
    "address": "富谷市大清水1-33-1イオンモール109シネマズ富谷1F",
    "access": "",
    "games": [
      "スマッシュスタジアム"
    ]
  },
  {
    "name": "GiGOスマーク伊勢崎",
    "operation_time": "",
    "holiday": "",
    "latitude": "36.339538",
    "longitude": "139.231968",
    "tel": "0270-62-3886",
    "address": "伊勢崎市西小保方町368スマーク伊勢崎3F302区画",
    "access": "",
    "games": [
      "スマッシュスタジアム"
    ]
  },
  {
    "name": "GiGO仙台コロナワールド",
    "operation_time": "",
    "holiday": "",
    "latitude": "38.2600762",
    "longitude": "140.9686872",
    "tel": "070-1458-5354",
    "address": "仙台市宮城野区福室字田中前1-53-1 仙台コロナワールド内",
    "access": "",
    "games": [
      "スマッシュスタジアム"
    ]
  },
  {
    "name": "アドアーズアシコタウンあしかが店",
    "operation_time": "10:00～22:00",
    "holiday": "",
    "latitude": "36.336054",
    "longitude": "139.476971",
    "tel": "0284-40-2077",
    "address": "足利市大月町3-2アシコタウンあしかが",
    "access": "",
    "games": [
      "スマッシュスタジアム"
    ]
  },
  {
    "name": "アピナ焼津店",
    "operation_time": "",
    "holiday": "",
    "latitude": "34.83371431",
    "longitude": "138.3059489",
    "tel": "054-623-8555",
    "address": "焼津市道原585",
    "access": "",
    "games": [
      "スマッシュスタジアム"
    ]
  },
  {
    "name": "ラウンドワンさいたま･鴻巣店",
    "operation_time": "",
    "holiday": "",
    "latitude": "36.08064011",
    "longitude": "139.4902201",
    "tel": "048-595-2001",
    "address": "鴻巣市箕田3163-7",
    "access": "",
    "games": [
      "スマッシュスタジアム"
    ]
  },
  {
    "name": "テクモピアロックダムインターパーク店",
    "operation_time": "",
    "holiday": "",
    "latitude": "36.489989",
    "longitude": "139.906395",
    "tel": "028-657-0230",
    "address": "宇都宮市インターパーク6-1-1FKDインターパーク店2F",
    "access": "",
    "games": [
      "スマッシュスタジアム"
    ]
  },
  {
    "name": "ドラマ瑞穂店",
    "operation_time": "10:00～24:00",
    "holiday": "無し",
    "latitude": "35.76337213",
    "longitude": "139.3568934",
    "tel": "042-556-6605",
    "address": "西多摩郡瑞穂町武蔵382-1",
    "access": "JR八高線「箱根ヶ崎駅」から武蔵村山市方面に徒歩25分",
    "games": [
      "スマッシュスタジアム"
    ]
  },
  {
    "name": "アピナ小山店",
    "operation_time": "10:00～24:00",
    "holiday": "無し",
    "latitude": "36.300419",
    "longitude": "139.809126",
    "tel": "0285-31-0050",
    "address": "小山市駅南町4-27-18",
    "access": "国道50号線沿い駅南町交差点",
    "games": [
      "スマッシュスタジアム"
    ]
  },
  {
    "name": "ラウンドワンさいたま･栗橋店",
    "operation_time": "",
    "holiday": "",
    "latitude": "36.12348469",
    "longitude": "139.7152159",
    "tel": "0480-55-0831",
    "address": "久喜市小右衛門192-1",
    "access": "",
    "games": [
      "スマッシュスタジアム"
    ]
  },
  {
    "name": "タイトーステーション所沢店",
    "operation_time": "09:00～24:00",
    "holiday": "無し",
    "latitude": "35.7881",
    "longitude": "139.47243",
    "tel": "04-2925-9071",
    "address": "所沢市日吉町3-7",
    "access": "所沢駅西口プロペ通りを徒歩3分",
    "games": [
      "スマッシュスタジアム"
    ]
  },
  {
    "name": "アピナ橋本店",
    "operation_time": "10:00～24:00",
    "holiday": "無し",
    "latitude": "35.597682",
    "longitude": "139.337035",
    "tel": "042-703-6033",
    "address": "相模原市緑区西橋本5-1-1ラ･フロール駐車場棟1F",
    "access": "橋本駅から徒歩10分 八王子バイパスから津久井街道へ繋がる側道に入ってすぐ",
    "games": [
      "スマッシュスタジアム"
    ]
  },
  {
    "name": "アドアーズ橋本店",
    "operation_time": "10:00～23:30",
    "holiday": "無し",
    "latitude": "35.59444342",
    "longitude": "139.3489184",
    "tel": "042-700-2310",
    "address": "相模原市緑区橋本3-3-1SING橋本2F",
    "access": "橋本MOVIX(映画館)の2F",
    "games": [
      "スマッシュスタジアム"
    ]
  },
  {
    "name": "ラウンドワンわらび店",
    "operation_time": "",
    "holiday": "",
    "latitude": "35.83078787",
    "longitude": "139.6742521",
    "tel": "048-447-8080",
    "address": "蕨市北町5-1-6",
    "access": "",
    "games": [
      "スマッシュスタジアム"
    ]
  },
  {
    "name": "アドアーズ蕨店",
    "operation_time": "10:00～23:45",
    "holiday": "無し",
    "latitude": "35.82774017",
    "longitude": "139.6915296",
    "tel": "048-433-3886",
    "address": "蕨市塚越1-4-4花見屋第2ビル2F",
    "access": "塚越東口一番街通りを直進50m",
    "games": [
      "スマッシュスタジアム"
    ]
  },
  {
    "name": "アミューズメントFUNFUN越谷店",
    "operation_time": "",
    "holiday": "",
    "latitude": "35.912884",
    "longitude": "139.771184",
    "tel": "048-970-4490",
    "address": "越谷市大字南荻島2770-1",
    "access": "",
    "games": [
      "スマッシュスタジアム"
    ]
  },
  {
    "name": "ゲームシティ川口店",
    "operation_time": "10:00～23:50",
    "holiday": "無し",
    "latitude": "35.80263316",
    "longitude": "139.7255584",
    "tel": "048-250-3855",
    "address": "川口市栄町1-10-5",
    "access": "JR川口駅東口徒歩10分",
    "games": [
      "スマッシュスタジアム"
    ]
  },
  {
    "name": "タイトーステーション池袋ロサ店",
    "operation_time": "10:00～24:00",
    "holiday": "無し",
    "latitude": "35.732483",
    "longitude": "139.709305",
    "tel": "03-3982-1270",
    "address": "豊島区西池袋1-37-12ロサ会館1F",
    "access": "JR池袋駅西口、北口より徒歩3分",
    "games": [
      "スマッシュスタジアム"
    ]
  },
  {
    "name": "タイトーステーション溝の口店",
    "operation_time": "",
    "holiday": "",
    "latitude": "35.600042",
    "longitude": "139.61245",
    "tel": "044-328-9262",
    "address": "川崎市高津区溝口1-11-8",
    "access": "",
    "games": [
      "スマッシュスタジアム"
    ]
  },
  {
    "name": "サープラ横浜あそびタウン",
    "operation_time": "9:00～24:00",
    "holiday": "無し",
    "latitude": "35.55234069",
    "longitude": "139.579585",
    "tel": "045-914-7386",
    "address": "横浜市都筑区中川中央1-25ノースポートモール6F",
    "access": "横浜市営地下鉄センター北駅ノースポートモール6F",
    "games": [
      "スマッシュスタジアム"
    ]
  },
  {
    "name": "ドラマ藤沢店",
    "operation_time": "10:00～24:00",
    "holiday": "無し",
    "latitude": "35.35751243",
    "longitude": "139.4682681",
    "tel": "0466-82-0328",
    "address": "藤沢市本藤沢5-6-8",
    "access": "小田急江ノ島線善行駅より徒歩15分",
    "games": [
      "スマッシュスタジアム"
    ]
  },
  {
    "name": "アドアーズ上野アメ横店",
    "operation_time": "10:00～23:30",
    "holiday": "無し",
    "latitude": "35.71002035",
    "longitude": "139.7742619",
    "tel": "03-5812-1570",
    "address": "台東区上野4-9-14上野KKビルB1-4F",
    "access": "アメ横センタービルそば",
    "games": [
      "スマッシュスタジアム"
    ]
  },
  {
    "name": "タイトーFステーションオリナス錦糸町店",
    "operation_time": "10:00～23:45",
    "holiday": "無し",
    "latitude": "35.700721",
    "longitude": "139.816024",
    "tel": "03-5610-7376",
    "address": "墨田区太平4-1-2オリナスB1F",
    "access": "JR総武線錦糸町駅北口から徒歩5分",
    "games": [
      "スマッシュスタジアム"
    ]
  },
  {
    "name": "アドアーズ新小岩店",
    "operation_time": "10:00～23:45",
    "holiday": "無し",
    "latitude": "35.71623508",
    "longitude": "139.8580953",
    "tel": "03-5678-5257",
    "address": "葛飾区新小岩1-44-4VORT新小岩B1-3F",
    "access": "新小岩駅南口ロータリーすぐ看板",
    "games": [
      "スマッシュスタジアム"
    ]
  },
  {
    "name": "ゲームパニックつくば",
    "operation_time": "",
    "holiday": "",
    "latitude": "36.04632758",
    "longitude": "140.1679958",
    "tel": "080-3350-1839",
    "address": "土浦市中村東1-1-1",
    "access": "",
    "games": [
      "スマッシュスタジアム"
    ]
  },
  {
    "name": "ラウンドワン市川鬼高店",
    "operation_time": "",
    "holiday": "",
    "latitude": "35.711239",
    "longitude": "139.927465",
    "tel": "047-320-3801",
    "address": "市川市鬼高4-1-3",
    "access": "",
    "games": [
      "スマッシュスタジアム"
    ]
  },
  {
    "name": "タイトーFステーション市川妙典店",
    "operation_time": "施設の営業時間に準じる",
    "holiday": "施設の営業日に準じる",
    "latitude": "35.69246485",
    "longitude": "139.9267286",
    "tel": "047-318-3933",
    "address": "市川市妙典4-1-1イオン市川妙典店2番街2F",
    "access": "",
    "games": [
      "スマッシュスタジアム"
    ]
  },
  {
    "name": "アピナ印西店",
    "operation_time": "",
    "holiday": "",
    "latitude": "35.803009",
    "longitude": "140.162496",
    "tel": "0476-48-5841",
    "address": "印西市原1-2ビッグホップガーデンモール印西2F",
    "access": "",
    "games": [
      "スマッシュスタジアム"
    ]
  },
  {
    "name": "スポーツウェーブ鉄腕24稲毛長沼店",
    "operation_time": "一部24時間営業",
    "holiday": "無し",
    "latitude": "35.66179317",
    "longitude": "140.1264239",
    "tel": "043-215-5560",
    "address": "千葉市稲毛区長沼原町697",
    "access": "東関東自動車道 千葉北ICから約5分 千葉総合運動場そば",
    "games": [
      "スマッシュスタジアム"
    ]
  },
  {
    "name": "ラウンドワン市原店",
    "operation_time": "",
    "holiday": "",
    "latitude": "35.54749256",
    "longitude": "140.1233239",
    "tel": "0436-44-8801",
    "address": "市原市八幡北町3-5-1",
    "access": "",
    "games": [
      "スマッシュスタジアム"
    ]
  },
  {
    "name": "千葉レジャーランド成東店",
    "operation_time": "一部24時間営業",
    "holiday": "無し",
    "latitude": "35.58828462",
    "longitude": "140.3904243",
    "tel": "047-580-1777",
    "address": "山武市姫島111-1",
    "access": "国道126号線成東町姫島地内ローソン奥",
    "games": [
      "スマッシュスタジアム"
    ]
  }
]